name,phone,email,address
Brady Powers,1-218-200-3211,ut.nulla@aol.couk,945-1542 Risus Av.
Melissa Hahn,(445) 652-9340,eu.tellus.eu@icloud.com,Ap #207-6507 Ultrices Street
Xanthus Rollins,1-433-585-6666,rutrum@protonmail.net,"Ap #879-8724 Amet, St."
Aladdin Faulkner,1-841-602-2534,semper.dui@google.ca,871-631 Eu Rd.
Philip Cardenas,(472) 871-2211,vel.arcu.curabitur@icloud.couk,"133-848 Ornare, Av."
Desirae Warner,(441) 965-1365,scelerisque.lorem@yahoo.org,Ap #767-5086 Dictum Street
Germaine Merrill,(788) 951-1379,libero@protonmail.edu,"P.O. Box 928, 8832 Consectetuer Street"
Emily Lopez,1-730-848-7675,sit.amet@outlook.couk,Ap #303-975 Nisi Street
Karly Roach,1-726-170-1441,eu@aol.couk,567-1078 Lacinia Rd.
Rae Rhodes,(626) 764-2088,auctor.odio.a@icloud.org,260-2375 Convallis Av.
Quintessa Stephens,(790) 826-5101,ullamcorper.nisl@icloud.net,Ap #331-7052 Ipsum Street
Lynn Bullock,1-553-353-1451,blandit.viverra@protonmail.org,144-9162 Malesuada Ave
Bree Clark,(974) 156-1172,mauris.ut@google.com,Ap #117-7024 At Ave
Clio Hooper,1-471-482-2124,posuere.at@google.net,1735 Blandit Ave
Tatum Graham,1-832-421-2049,eget.metus@hotmail.ca,"P.O. Box 485, 2717 Diam. Av."
Serena Chaney,1-258-622-4175,ut.nulla@google.org,Ap #139-4375 Phasellus Rd.
Alika Wyatt,(683) 677-7132,fermentum.arcu.vestibulum@icloud.couk,Ap #196-1191 Convallis Street
Clark Tran,(386) 386-3816,sed.nunc@icloud.org,"Ap #614-3645 Nec, Ave"
Gay Fields,1-882-121-8331,magna.ut@aol.couk,655-2594 Ut Av.
Daphne Chase,1-465-862-1221,ipsum@hotmail.ca,581-1511 Cras Rd.
Karly Chan,1-618-752-3612,a.arcu.sed@icloud.net,662-1345 Vulputate St.
Owen Summers,1-330-934-0632,fringilla.purus.mauris@hotmail.couk,"Ap #987-995 Ornare, Road"
Simone Brown,(486) 788-5425,commodo.at.libero@aol.ca,947-5464 Ipsum Rd.
Kiara Prince,(929) 342-6249,nec.urna.et@icloud.org,"P.O. Box 628, 7025 Pede. Avenue"
Owen Pugh,(517) 503-4837,ultricies.ligula.nullam@outlook.ca,799-2364 Ac Road
Dennis Malone,(671) 787-8558,aliquet.vel@yahoo.org,"Ap #626-1271 Est, Rd."
Thomas Cruz,(932) 782-5487,a.tortor@hotmail.com,258-507 At Avenue
Reece Erickson,(816) 389-7861,montes.nascetur.ridiculus@outlook.ca,281-7711 Nulla Av.
Astra Forbes,1-234-331-0957,tincidunt.donec@hotmail.couk,347-9783 Mollis St.
Yuli Dejesus,1-323-187-5146,magna.phasellus.dolor@aol.edu,794 Elit Avenue
Daniel Hurst,1-278-350-1961,diam.at@yahoo.ca,Ap #738-8589 Penatibus Avenue
Eliana Allen,1-815-178-7640,mattis.cras@protonmail.com,"Ap #541-4525 Vitae, Avenue"
Burke Sims,1-945-718-3239,nascetur.ridiculus.mus@aol.org,1626 Eu St.
Ulric Gibbs,1-306-320-3760,lectus.rutrum.urna@yahoo.org,8016 Phasellus Avenue
Chiquita Cole,1-892-527-2398,mauris@protonmail.org,Ap #533-4835 Arcu Rd.
Cole Alvarado,(668) 383-3407,eu@protonmail.ca,181-7282 Mi Rd.
Hamish Cardenas,1-582-828-1682,ut@outlook.ca,"Ap #827-6120 Aliquam, Road"
Otto Scott,1-682-398-6433,semper.nam.tempor@aol.com,7413 Lacus. St.
Sybil Kirk,(853) 476-5546,tellus.nunc@outlook.net,763-7500 Nunc Avenue
Herrod Parrish,1-166-688-3432,morbi@protonmail.com,Ap #386-8638 Nec Rd.
Daria Rowe,1-616-651-8296,nostra.per@aol.edu,Ap #212-6429 Tellus Av.
Lana Burton,(473) 655-2381,turpis.in.condimentum@yahoo.com,"P.O. Box 951, 1016 Vitae, Street"
Naomi Franklin,(545) 259-5326,auctor.velit.aliquam@protonmail.edu,"P.O. Box 209, 9869 Dolor. Road"
Sylvester Welch,(867) 244-2392,lectus.sit.amet@yahoo.couk,Ap #963-7371 Curabitur Ave
Benjamin Cervantes,1-446-333-5171,mi@icloud.org,358-4725 Facilisi. Avenue
Phelan Hunter,1-561-447-5757,rutrum.non@hotmail.couk,"Ap #280-7525 Dui, Av."
Thomas Webster,1-957-738-6968,ut.semper@google.net,693-6740 Eu Rd.
Andrew Moses,(810) 343-4487,a.odio@icloud.ca,Ap #365-401 Sit Rd.
Anthony Witt,(971) 216-4247,elit.nulla@google.couk,Ap #491-9018 Donec Avenue
William Murray,(645) 841-2150,sed@outlook.ca,9215 Nunc Road
Jeremy Gordon,(812) 448-4607,dolor.dapibus@protonmail.ca,143-2317 Metus Road
Damian Swanson,(851) 941-6682,eu.sem.pellentesque@icloud.couk,298-7591 Tellus St.
Jacob Phillips,1-631-911-7656,tellus.faucibus.leo@hotmail.org,2166 Nibh Av.
Lynn Nichols,1-466-683-6179,donec.vitae@hotmail.net,8654 Malesuada Road
Forrest Hyde,(471) 738-0867,molestie.sodales@yahoo.net,946-4900 Suspendisse Ave
Mallory Robertson,1-767-963-1232,facilisis.suspendisse@aol.edu,9411 Erat. Street
Ramona Austin,1-955-401-0743,sociosqu.ad@outlook.org,Ap #341-4830 Est Ave
Xanthus Copeland,(298) 714-7854,arcu.sed@icloud.couk,"7545 Amet, Rd."
Logan Le,(138) 483-8431,pretium.neque@outlook.org,"P.O. Box 567, 6618 Nulla Street"
Jakeem Dunn,1-862-103-5387,nibh.quisque.nonummy@yahoo.net,"P.O. Box 295, 682 Tellus Rd."
Latifah Park,(978) 674-9774,ante.maecenas.mi@icloud.org,"P.O. Box 776, 8098 Ac, Avenue"
Josiah Lindsey,(703) 629-2926,lorem.eget@hotmail.ca,957 In Road
Solomon Ayers,1-543-472-1847,magnis.dis@yahoo.couk,Ap #121-5550 Ipsum Avenue
Garrison Hensley,(432) 735-4392,luctus.lobortis.class@aol.com,"P.O. Box 224, 3156 Ut St."
Kerry Rasmussen,(385) 126-4872,nibh.donec@icloud.org,3971 Sit Rd.
Melissa Christian,1-321-486-2302,auctor.quis.tristique@protonmail.couk,"P.O. Box 901, 8469 Justo Rd."
Plato Greene,(867) 687-5648,nibh.quisque.nonummy@protonmail.edu,997-6877 Odio. Rd.
Medge Morrow,1-523-125-1444,non.quam@aol.com,Ap #129-4621 Velit Ave
Jeremy Wagner,(638) 623-3121,nec.luctus@google.net,Ap #850-4379 Et St.
Uma Fernandez,1-408-667-5676,dui@hotmail.edu,159-9564 Quam Rd.
Mohammad Cline,(753) 446-6228,penatibus@protonmail.net,243-3768 Tincidunt Rd.
Erich Coleman,(583) 438-3680,malesuada@yahoo.ca,Ap #607-8226 Erat. Avenue
Ashely Cooper,1-650-773-0187,ipsum@outlook.edu,Ap #877-431 Sapien. Street
Harrison Moody,1-895-481-2621,a.nunc@outlook.ca,140-1842 Quis St.
Marshall Goff,1-343-561-6791,quam.pellentesque@yahoo.edu,Ap #528-5837 Semper Avenue
Virginia Robles,1-519-592-5637,sociosqu.ad@outlook.com,678-2476 Integer Ave
Tate Newman,1-464-853-8601,nec.quam@google.ca,"P.O. Box 826, 5398 Posuere Ave"
Brennan Burgess,(431) 785-1449,ullamcorper.velit@protonmail.edu,Ap #984-5147 Orci. St.
Walker Neal,(848) 577-2181,mauris.vestibulum.neque@protonmail.com,Ap #958-142 Blandit Av.
Catherine Flowers,(761) 558-2573,a.malesuada.id@protonmail.edu,Ap #557-2423 Vivamus Road
Eugenia Sandoval,(777) 276-9186,non@hotmail.ca,Ap #206-9566 Diam St.
Luke Harrington,1-758-543-2568,magna.a@outlook.com,"119-5230 Quam, Street"
Daphne Barker,1-298-856-8122,donec.est@google.com,"Ap #837-7891 Id, Street"
Miriam Witt,1-475-555-5496,dictum.augue@google.ca,Ap #510-3894 Integer Road
Darius Solomon,(286) 262-0016,ut.semper@protonmail.com,1531 Id Rd.
Timon Hayes,(736) 505-1647,habitant.morbi@protonmail.edu,845-7562 Nulla Av.
Athena Fuentes,1-381-510-6949,dapibus.gravida.aliquam@google.net,"6393 At, Rd."
Kamal Forbes,(615) 835-3455,lacus.cras.interdum@yahoo.edu,896-5033 Donec Street
Beck Hooper,1-351-448-4674,accumsan.interdum@outlook.net,"Ap #690-1971 Mauris, Ave"
Joshua Koch,(781) 553-9277,dolor.elit@protonmail.net,"943-3331 Et, Rd."
Brynn Shepherd,(268) 864-9861,adipiscing.lobortis@outlook.org,500-9818 Dui Street
Basil Shaw,1-401-666-5362,sit.amet@yahoo.couk,204-6400 Nibh Rd.
Isabelle Tyler,1-736-534-4077,cras@google.couk,Ap #392-5421 Ac Avenue
Andrew Noble,(352) 733-5448,nulla@hotmail.ca,Ap #894-139 Ipsum Ave
Ignacia Cruz,1-395-995-8286,et.malesuada.fames@icloud.org,816-4925 Vulputate Rd.
Nerea Santos,1-526-404-7816,neque@protonmail.com,239-1829 Nec Road
Vernon Lancaster,1-771-488-2126,posuere.at.velit@icloud.org,"P.O. Box 807, 3222 Lectus St."
Zahir Vazquez,1-658-366-9857,purus.gravida@outlook.org,"565-2162 At, St."
Hyatt Santana,(722) 461-8579,arcu.aliquam@yahoo.ca,776-7994 Ipsum Street
Travis Montoya,1-676-322-8478,nunc@yahoo.com,"P.O. Box 904, 8153 Vel, Rd."
Pedro,35,Programador
Ana,22,Diseñadora
Luis,30,Gerente
Pedro,35,Programador
Ana,22,Diseñadora
Luis,30,Gerente
Pedro,35,Programador
Ana,22,Diseñadora
Luis,30,Gerente
Pedro,35,Programador
Ana,22,Diseñadora
Luis,30,Gerente
Pedro,35,Programador
Ana,22,Diseñadora
Luis,30,Gerente
Pedro,35,Programador
Ana,22,Diseñadora
Luis,30,Gerente
Pedro,35,Programador
Ana,22,Diseñadora
Luis,30,Gerente
Pedro,35,Programador
Ana,22,Diseñadora
Luis,30,Gerente
Pedro,35,Programador
Ana,22,Diseñadora
Luis,30,Gerente
Pedro,35,Programador
Ana,22,Diseñadora
Luis,30,Gerente
